Referencias,,,,,,,,,
1.1,Docker Compose / Kubernetes,"Contenerización completa del stack (HAPI FHIR, BD, API, frontends) orquestada con Docker Compose o K8s.","Todos los servicios en contenedores, health-checks, restart policies, red interna definida.","≥80% de servicios contenerizados, algún health-check faltante.",Contenerización parcial; arranca manualmente algún servicio.,Sin contenerización o no funciona el stack.,10%, , 
1.2,3 Nodos / Ciudades Simuladas,"El sistema simula 3 nodos geográficos (ej. Sincelejo, Bogotá, Medellín) con servicios FHIR replicados.",3 nodos independientes con DNS/hostnames distintos y tráfico entre nodos demostrado.,3 nodos definidos pero solo 2 responden peticiones cruzadas correctamente.,2 nodos funcionales; el 3° no procesa solicitudes.,Nodo único o sin aislamiento.,10%, , 
1.3,Red y Volúmenes Persistentes,Configuración de redes internas Docker/K8s y volúmenes para persistencia de datos.,"Redes nombradas, volúmenes montados, datos persisten al reiniciar contenedores.",Volúmenes parciales; algún dato se pierde al reiniciar.,Sin volúmenes persistentes; datos en memoria.,Sin configuración de red ni volúmenes.,5%, , 
🗄️ BASE DE DATOS DISTRIBUIDA TRANSACCIONAL,,,,,,,,,
2.1,BD Distribuida (PostgreSQL/Cassandra),Base de datos replicada entre los 3 nodos con soporte transaccional (ACID o eventual consistency documentada).,"Replicación activa, failover automático probado, transacciones ACID verificadas con logs.",Replicación configurada pero failover manual; transacciones básicas.,BD centralizada sin replicación pero con respaldo.,BD local sin distribución ni transacciones.,10%, , 
2.2,Consistencia y Sincronización,"Mecanismo de sincronización entre nodos (WAL, Raft, Patroni/etcd) visible en el prototipo.",Sincronización automática demostrada: escritura en nodo A reflejada en B y C en <2s.,Sincronización manual o con latencia alta (>10s).,"Sincronización solo documentada, no demostrada.",Sin mecanismo de sincronización.,5%, , 
🔗 SERVICIO HAPI FHIR,,,,,,,,,
3.1,Servidor HAPI FHIR Operativo,"HAPI FHIR R4 corriendo en cada nodo, accesible vía REST, con endpoint /metadata respondiendo.",3 instancias HAPI FHIR operativas; /metadata retorna CapabilityStatement completo.,2 instancias operativas; 1 con errores menores.,1 instancia funcional; las demás no responden.,HAPI FHIR no inicia o no es accesible.,8%, , 
3.2,Peticiones CRUD a los 3 Nodos,"Demostración de POST/GET/PUT sobre recursos FHIR (Patient, Encounter, Observation) a los 3 nodos.",≥5 tipos de recursos FHIR probados en los 3 nodos con evidencia (Postman/curl/logs).,≥3 recursos FHIR probados en ≥2 nodos.,Solo 1 recurso probado en 1 nodo.,Sin peticiones FHIR funcionales.,8%, , 
3.3,Seguridad OAuth2 / SMART on FHIR,Capa de autenticación OAuth2 con JWT para proteger endpoints FHIR.,OAuth2 + JWT implementado; endpoints bloqueados sin token; token con scopes correctos.,OAuth2 configurado pero scopes sin restricción o JWT sin expiración.,Autenticación básica (usuario/contraseña) sin OAuth2.,Sin capa de seguridad.,5%, , 
🖥️ INTERFACES CLÍNICAS (4 MÓDULOS),,,,,,,,,
4.1,Módulo Admisión,"Registro del paciente (recurso Patient FHIR), asignación de número de episodio, selección de nodo.","Crea Patient en FHIR, genera ID único, muestra confirmación con nodo asignado.",Crea Patient pero sin selección de nodo o sin ID visible.,Formulario funcional pero sin conexión real al servidor FHIR.,Módulo no existe o no funciona.,5%, , 
4.2,Módulo Triage,"Registro de signos vitales (Observation FHIR), clasificación por nivel (1-5 Manchester/ESI), vinculado al episodio.",Signos vitales → Observation FHIR; clasificación automática visible; vinculado al Patient.,Registro de signos vitales sin clasificación automática.,Formulario de triage sin conexión FHIR.,Módulo no existe o no funciona.,5%, , 
4.3,Módulo Médico,"Consulta de HC, registro de diagnóstico (Condition FHIR), prescripción (MedicationRequest FHIR).",Condition + MedicationRequest registrados en FHIR; HC consultable con historial completo.,Diagnóstico registrado pero prescripción solo local.,Módulo de registro sin conexión real al servidor FHIR.,Módulo no existe o no funciona.,5%, , 
4.4,Módulo Resultados / Historia Clínica,Vista consolidada de la HC: Patient + Encounter + Observations + Conditions + MedicationRequests.,Vista completa de HC cruzando datos de los 3 nodos; exporta PDF o imprime resumen.,Vista de HC pero solo de un nodo; sin cruce entre nodos.,Vista parcial de algunos recursos FHIR.,Módulo no existe o no muestra datos FHIR.,5%, , 
4.5,Sistema de Reportes,"Dashboard con estadísticas: pacientes por nodo, diagnósticos frecuentes, tiempos de atención.",Dashboard en tiempo real con ≥4 métricas clínicas/operacionales y gráficas.,Dashboard con ≥2 métricas; actualización manual.,Reporte estático (tabla sin gráficas).,Sin módulo de reportes.,5%, , 
⚠️ TOLERANCIA A FALLOS,,,,,,,,,
5.1,Simulación Caída de BD,Prototipo demuestra el comportamiento del sistema cuando se desconecta la BD de un nodo.,"Sistema detecta caída, redirige a nodo secundario en <5s, muestra alerta al usuario; BD vuelve y se resincroniza.",Detección de caída y redirección funcional pero sin resincronización automática.,Sistema detecta caída pero queda inoperable hasta reinicio manual.,Sin manejo de caída de BD; sistema colapsa.,8%, , 
5.2,Simulación Desconexión de Nodo,Desconexión de un nodo completo (red) y continuidad del servicio en los nodos restantes.,2 nodos continúan operando con datos actualizados; alertas en dashboard; reconexión automática.,2 nodos operativos pero sin datos actualizados; reconexión manual.,Sistema degradado; algunas funciones no operan.,Sistema falla completamente al desconectar un nodo.,7%, , 
5.3,Logs y Monitoreo,Stack de observabilidad: Prometheus + Grafana o ELK mostrando métricas de los 3 nodos.,"Prometheus + Grafana con paneles de uptime, latencia y errores de los 3 nodos en tiempo real.",Grafana funcional con ≥2 métricas; sin alertas configuradas.,Logs en consola; sin stack de observabilidad visual.,Sin logs ni monitoreo.,5%, , 
📁 DOCUMENTACIÓN Y GITHUB,,,,,,,,,
6.1,Repositorio GitHub,"Repositorio estructurado con README, docker-compose.yml, colección Postman y evidencias.","README completo con instrucciones de despliegue, diagrama de arquitectura, colección Postman exportada, capturas del sistema funcionando.",README con instrucciones básicas; falta colección Postman o diagrama.,Repositorio con código pero sin documentación.,Sin repositorio o repositorio vacío.,5%, , 
6.2,Paper / Informe Técnico IEEE,"Documento IEEE ≤7 páginas con introducción, marco teórico, metodología, resultados y referencias.","Paper completo, ≤7 páginas, formato IEEE, ≥8 referencias recientes, gráficas propias.",Paper con todas las secciones pero <8 referencias o >7 páginas.,Informe informal sin formato IEEE.,Sin informe o entrega incompleta.,5%, , 
6.3,Sustentación Oral,"Presentación de máx. 15 min: arquitectura, demo en vivo y respuesta a preguntas técnicas.","Demo en vivo exitosa, respuestas precisas a preguntas de fallo/consistencia/FHIR.",Demo parcial; respuestas correctas pero poco detalladas.,Demo con errores; respuestas superficiales.,No presenta o demo no funciona en vivo.,3%,,
